<?xml version="1.0" encoding="UTF-8" standalone="yes"?>
<manifest>
  <control namespace="GraficoDeRosca" constructor="GraficoDeRosca" version="0.0.1" display-name-key="GraficoDeRosca" description-key="GraficoDeRosca description" control-type="standard" api-version="1.3.5">
    <external-service-usage enabled="false"/>
    <property name="Valor" display-name-key="Valor" description-key="Property_Desc_Key" of-type="Decimal" usage="bound" required="true"/>
    <property name="CorRosca" display-name-key="Cor da Rosca" description-key="Property_Desc_Key" of-type="SingleLine.Text" usage="bound" required="true"/>
    <property name="CorTexto" display-name-key="Cor do Texto" description-key="Property_Desc_Key" of-type="SingleLine.Text" usage="bound" required="true"/>
    <resources>
      <code path="bundle.js" order="1"/>
    </resources>
    <built-by name="pac" version="1.23.3"/>
  </control>
</manifest>