<?xml version="1.0" encoding="UTF-8" standalone="yes"?>
<manifest>
  <control namespace="ExcelExport" constructor="ExcelExport" version="0.0.2" display-name-key="ExcelExport" description-key="excelexportdescription" control-type="standard" api-version="1.3.5">
    <property name="DataToExport" display-name-key="Data" description-key="Data" of-type="SingleLine.Text" usage="bound" required="true"/>
    <property name="IconColor" display-name-key="IconColor" description-key="IconColor" of-type="SingleLine.Text" usage="bound" required="true" default-value="#000"/>
    <property name="FileName" display-name-key="FileName" description-key="FileName" of-type="SingleLine.Text" usage="bound" required="true" default-value="Result"/>
    <resources>
      <code path="bundle.js" order="1"/>
      <css path="excelexport.css" order="1"/>
    </resources>
    <built-by name="pac" version="1.23.3"/>
  </control>
</manifest>